<?xml version='1.0' standalone='yes'?>
<extensions>
  <description>PLUGIN_HUEBRIDGE_DESC</description>
  <defaultState>enabled</defaultState>
  <version>0.0.1.0.1</version>
  <targetApplication>
    <id>SlimServer</id>
    <minVersion>7.7</minVersion>
    <maxVersion>*.*</maxVersion>
  </targetApplication>
  <module>Plugins::HueBridge::Plugin</module>
  <creator>chincheta0815</creator>
  <name>PLUGIN_HUEBRIDGE_NAME</name>
  <email></email>
  <optionsURL>plugins/HueBridge/settings/basic.html</optionsURL>
</extensions>
